{"cameraMode":{"drawMode":0,"name":"Shaded","section":"Shading Mode"},"sceneLighting":false,"audioPlay":false,"sceneViewState":{"showFog":true,"showMaterialUpdate":false,"showSkybox":true,"showFlares":true,"showImageEffects":true,"showParticleSystems":true},"in2DMode":false,"pivot":{"x":-3.1556735038757326,"y":1.3760566711425782,"z":44.00834655761719},"rotation":{"x":0.014969981275498867,"y":-0.7111705541610718,"z":-0.015150104649364949,"w":-0.7026968598365784},"size":3.903388738632202,"orthographic":false}