{"cameraMode":{"drawMode":0,"name":"Shaded","section":"Shading Mode"},"sceneLighting":false,"audioPlay":false,"sceneViewState":{"showFog":true,"showMaterialUpdate":false,"showSkybox":true,"showFlares":true,"showImageEffects":true,"showParticleSystems":true},"in2DMode":false,"pivot":{"x":3.0,"y":1.6948474645614625,"z":60.16239547729492},"rotation":{"x":-0.05619577690958977,"y":-0.6561965346336365,"z":-0.049109868705272678,"w":0.7508904337882996},"size":8.120969772338868,"orthographic":false}