{"cameraMode":{"drawMode":0,"name":"Shaded","section":"Shading Mode"},"sceneLighting":false,"audioPlay":false,"sceneViewState":{"showFog":true,"showMaterialUpdate":false,"showSkybox":true,"showFlares":true,"showImageEffects":true,"showParticleSystems":true},"in2DMode":false,"pivot":{"x":0.008083499036729336,"y":0.7867685556411743,"z":74.00603485107422},"rotation":{"x":-0.021687092259526254,"y":0.6388235688209534,"z":0.018019530922174455,"w":0.768836498260498},"size":3.1509573459625246,"orthographic":false}